ToolID,NumberOfCycle,Actual_RUL,Predicted_RUL,Error,Absolute_Error
2,1,49,29.449024036578066,-19.550975963421934,19.550975963421934
2,2,48,37.687058600888015,-10.312941399111985,10.312941399111985
2,3,47,35.17356721418278,-11.826432785817218,11.826432785817218
2,4,46,34.28157189802299,-11.718428101977011,11.718428101977011
2,5,45,32.20507741588132,-12.79492258411868,12.79492258411868
2,6,44,36.650738497388524,-7.349261502611476,7.349261502611476
2,7,43,29.421317323749157,-13.578682676250843,13.578682676250843
2,8,42,38.40155532102564,-3.59844467897436,3.59844467897436
2,9,41,28.25358949117687,-12.746410508823129,12.746410508823129
2,10,40,29.24283984716857,-10.757160152831428,10.757160152831428
2,11,39,31.66065633546623,-7.3393436645337715,7.3393436645337715
2,12,38,39.40130243933298,1.40130243933298,1.40130243933298
2,13,37,32.215298252751694,-4.784701747248306,4.784701747248306
2,14,36,22.432952426728626,-13.567047573271374,13.567047573271374
2,15,35,25.90646426059077,-9.09353573940923,9.09353573940923
2,16,34,40.918788593131474,6.918788593131474,6.918788593131474
2,17,33,29.657598329306502,-3.342401670693498,3.342401670693498
2,18,32,38.58334716500007,6.58334716500007,6.58334716500007
2,19,31,30.546241887315723,-0.4537581126842767,0.4537581126842767
2,21,29,27.880134072461633,-1.119865927538367,1.119865927538367
2,22,28,24.259177634899505,-3.7408223651004953,3.7408223651004953
2,23,27,34.45127216835664,7.451272168356638,7.451272168356638
2,24,26,31.98626074121058,5.986260741210579,5.986260741210579
2,25,25,27.99845540146939,2.998455401469389,2.998455401469389
2,26,24,24.387495872731105,0.38749587273110464,0.38749587273110464
2,27,23,20.923773788834307,-2.076226211165693,2.076226211165693
2,28,22,27.282717328191534,5.282717328191534,5.282717328191534
2,29,21,18.085472566040142,-2.914527433959858,2.914527433959858
2,30,20,19.73304274716529,-0.26695725283471106,0.26695725283471106
2,31,19,14.81453174592915,-4.18546825407085,4.18546825407085
2,34,16,9.918174208391799,-6.0818257916082015,6.0818257916082015
2,34,16,11.653433457771815,-4.346566542228185,4.346566542228185
2,35,15,11.136819470410627,-3.863180529589373,3.863180529589373
2,36,14,12.07547925383614,-1.9245207461638607,1.9245207461638607
2,37,13,7.716127693517306,-5.283872306482694,5.283872306482694
2,38,12,8.372238087247139,-3.6277619127528613,3.6277619127528613
2,39,11,6.875450842144304,-4.124549157855696,4.124549157855696
2,40,10,5.095169773478166,-4.904830226521834,4.904830226521834
2,41,9,3.2715653141577556,-5.728434685842244,5.728434685842244
2,42,8,3.8696471038544704,-4.13035289614553,4.13035289614553
2,43,7,3.16862858624809,-3.83137141375191,3.83137141375191
2,44,6,3.87943070698734,-2.12056929301266,2.12056929301266
2,45,5,3.692183911877245,-1.3078160881227552,1.3078160881227552
2,46,4,2.610925110391958,-1.3890748896080418,1.3890748896080418
2,47,3,1.8433707528973744,-1.1566292471026256,1.1566292471026256
2,48,2,2.8998007615378416,0.8998007615378416,0.8998007615378416
2,49,1,1.850526141995838,0.8505261419958381,0.8505261419958381
2,50,0,3.4200441768877434,3.4200441768877434,3.4200441768877434
102,1,84,98.87199644077734,14.871996440777338,14.871996440777338
102,2,83,109.76411229969342,26.764112299693423,26.764112299693423
102,3,82,76.30846703408952,-5.691532965910483,5.691532965910483
102,4,81,68.50498029589424,-12.495019704105758,12.495019704105758
102,6,79,110.09317592885665,31.093175928856652,31.093175928856652
102,7,78,91.59430111768773,13.594301117687735,13.594301117687735
102,8,77,98.59205174896687,21.592051748966867,21.592051748966867
102,9,76,93.34565215330602,17.34565215330602,17.34565215330602
102,10,75,91.9152129521984,16.915212952198402,16.915212952198402
102,11,74,96.47877723076795,22.478777230767946,22.478777230767946
102,12,73,102.97145339267874,29.97145339267874,29.97145339267874
102,13,72,92.8581602959689,20.8581602959689,20.8581602959689
102,14,71,98.46683101111387,27.466831011113868,27.466831011113868
102,15,70,92.5539681835701,22.553968183570106,22.553968183570106
102,16,69,87.37611373829094,18.37611373829094,18.37611373829094
102,17,68,89.07410451460758,21.074104514607583,21.074104514607583
102,18,67,90.7706836268263,23.770683626826298,23.770683626826298
102,19,66,106.31565585305376,40.315655853053755,40.315655853053755
102,20,65,106.24131465764951,41.24131465764951,41.24131465764951
102,21,64,96.24398974254345,32.24398974254345,32.24398974254345
102,22,63,86.6864334915294,23.6864334915294,23.6864334915294
102,23,62,88.1047960122821,26.104796012282094,26.104796012282094
102,24,61,105.86595353341733,44.865953533417326,44.865953533417326
102,25,60,106.27510426001943,46.27510426001943,46.27510426001943
102,26,59,76.50019436284131,17.500194362841313,17.500194362841313
102,27,58,83.56506025127443,25.56506025127443,25.56506025127443
102,28,57,109.79798719064333,52.797987190643326,52.797987190643326
102,29,56,88.13844271761278,32.138442717612776,32.138442717612776
102,30,55,82.68140825761543,27.68140825761543,27.68140825761543
102,31,54,80.18315212892591,26.18315212892591,26.18315212892591
102,32,53,69.15052044564041,16.15052044564041,16.15052044564041
102,33,52,80.3742281597696,28.3742281597696,28.3742281597696
102,34,51,83.68114374987086,32.681143749870856,32.681143749870856
102,35,50,99.40683521311402,49.40683521311402,49.40683521311402
102,36,49,77.61511924029143,28.615119240291435,28.615119240291435
102,37,48,80.26583373160264,32.26583373160264,32.26583373160264
102,38,47,66.62680091869491,19.62680091869491,19.62680091869491
102,39,46,79.51578706612341,33.51578706612341,33.51578706612341
102,40,45,77.94352893512777,32.94352893512777,32.94352893512777
102,41,44,80.97491908877993,36.97491908877993,36.97491908877993
102,42,43,99.90561295790708,56.90561295790708,56.90561295790708
102,43,42,72.79176351430453,30.791763514304535,30.791763514304535
102,44,41,84.44957769334732,43.44957769334732,43.44957769334732
102,45,40,70.43752144871351,30.43752144871351,30.43752144871351
102,46,39,62.48868245056046,23.48868245056046,23.48868245056046
102,47,38,61.21399535351882,23.21399535351882,23.21399535351882
102,48,37,69.56425383747299,32.56425383747299,32.56425383747299
102,49,36,74.37060928726372,38.37060928726372,38.37060928726372
102,52,33,81.45646512980454,48.45646512980454,48.45646512980454
102,53,32,91.27190891860154,59.27190891860154,59.27190891860154
102,54,31,57.644494415555755,26.644494415555755,26.644494415555755
102,55,30,60.64475028528725,30.64475028528725,30.64475028528725
102,56,29,86.76235060529268,57.76235060529268,57.76235060529268
102,57,28,61.41213891685883,33.41213891685883,33.41213891685883
102,58,27,52.570495202173,25.570495202173,25.570495202173
102,59,26,63.886587587770904,37.886587587770904,37.886587587770904
102,60,25,60.75936718216202,35.75936718216202,35.75936718216202
102,61,24,55.814913110666474,31.814913110666474,31.814913110666474
102,62,23,49.52616933931523,26.52616933931523,26.52616933931523
102,63,22,77.65049952049512,55.65049952049512,55.65049952049512
102,64,21,61.94630438582457,40.94630438582457,40.94630438582457
102,65,20,58.03212442423673,38.03212442423673,38.03212442423673
102,66,19,49.68235683788996,30.682356837889962,30.682356837889962
102,67,18,57.44163273881665,39.44163273881665,39.44163273881665
102,68,17,66.71774560579723,49.717745605797234,49.717745605797234
102,69,16,54.68943896705479,38.68943896705479,38.68943896705479
102,70,15,57.468753494572944,42.468753494572944,42.468753494572944
102,71,14,45.21648496360239,31.21648496360239,31.21648496360239
102,72,13,49.45011646325133,36.45011646325133,36.45011646325133
102,73,12,54.296912219886465,42.296912219886465,42.296912219886465
102,74,11,44.84728537661031,33.84728537661031,33.84728537661031
102,75,10,48.473247837006255,38.473247837006255,38.473247837006255
102,76,9,40.878600479739134,31.878600479739134,31.878600479739134
102,77,8,71.2661577844981,63.266157784498105,63.266157784498105
102,78,7,53.20122671836634,46.20122671836634,46.20122671836634
102,79,6,32.9614834933023,26.961483493302303,26.961483493302303
102,80,5,49.8477887275114,44.8477887275114,44.8477887275114
102,81,4,49.73924029030985,45.73924029030985,45.73924029030985
102,82,3,35.51092531692845,32.51092531692845,32.51092531692845
102,83,2,34.181997375738455,32.181997375738455,32.181997375738455
102,84,1,44.30354536956617,43.30354536956617,43.30354536956617
102,85,0,34.793139190452536,34.793139190452536,34.793139190452536
11,1,0,46.933015168311485,46.933015168311485,46.933015168311485
